session,open,high,low,close,volume
2024-01-02,100.02,100.19,99.97,100.14,1000000
2024-01-03,100.16,100.33,100.11,100.28,1000000
2024-01-04,100.30,100.47,100.25,100.42,1000000
2024-01-05,100.44,100.61,100.39,100.56,1000000
2024-01-08,100.58,100.75,100.53,100.70,1000000
2024-01-09,100.72,100.89,100.67,100.84,1000000
2024-01-10,100.86,101.03,100.81,100.98,1000000
2024-01-11,101.00,101.17,100.95,101.12,1000000
2024-01-12,101.14,101.31,101.09,101.26,1000000
2024-01-15,101.28,101.45,101.23,101.40,1000000
2024-01-16,101.42,101.59,101.37,101.54,1000000
2024-01-17,101.56,101.73,101.51,101.68,1000000
2024-01-18,101.70,101.87,101.65,101.82,1000000
2024-01-19,101.84,102.01,101.79,101.96,1000000
2024-01-22,101.98,102.15,101.93,102.10,1000000
2024-01-23,102.12,102.29,102.07,102.24,1000000
2024-01-24,102.26,102.43,102.21,102.38,1000000
2024-01-25,102.40,102.57,102.35,102.52,1000000
2024-01-26,102.54,102.71,102.49,102.66,1000000
2024-01-29,102.68,102.85,102.63,102.80,1000000
2024-01-30,102.82,102.99,102.77,102.94,1000000
2024-01-31,102.96,103.13,102.91,103.08,1000000
2024-02-01,103.10,103.27,103.05,103.22,1000000
2024-02-02,103.24,103.41,103.19,103.36,1000000
2024-02-05,103.38,103.55,103.33,103.50,1000000
2024-02-06,103.52,103.69,103.47,103.64,1000000
2024-02-07,103.66,103.83,103.61,103.78,1000000
2024-02-08,103.80,103.97,103.75,103.92,1000000
2024-02-09,103.94,104.11,103.89,104.06,1000000
2024-02-12,104.08,104.25,104.03,104.20,1000000
2024-02-13,104.22,104.39,104.17,104.34,1000000
2024-02-14,104.36,104.53,104.31,104.48,1000000
2024-02-15,104.50,104.67,104.45,104.62,1000000
2024-02-16,104.64,104.81,104.59,104.76,1000000
2024-02-19,104.78,104.95,104.73,104.90,1000000
2024-02-20,104.92,105.09,104.87,105.04,1000000
2024-02-21,105.06,105.23,105.01,105.18,1000000
2024-02-22,105.20,105.37,105.15,105.32,1000000
2024-02-23,105.34,105.51,105.29,105.46,1000000
2024-02-26,105.48,105.65,105.43,105.60,1000000
2024-02-27,105.62,105.79,105.57,105.74,1000000
2024-02-28,105.76,105.93,105.71,105.88,1000000
2024-02-29,105.90,106.07,105.85,106.02,1000000
2024-03-01,106.04,106.21,105.99,106.16,1000000
2024-03-04,106.18,106.35,106.13,106.30,1000000
2024-03-05,106.32,106.49,106.27,106.44,1000000
2024-03-06,106.46,106.63,106.41,106.58,1000000
2024-03-07,106.60,106.77,106.55,106.72,1000000
2024-03-08,106.74,106.91,106.69,106.86,1000000
2024-03-11,106.88,107.05,106.83,107.00,1000000
2024-03-12,107.02,107.19,106.97,107.14,1000000
2024-03-13,107.16,107.33,107.11,107.28,1000000
2024-03-14,107.30,107.47,107.25,107.42,1000000
2024-03-15,107.44,107.61,107.39,107.56,1000000
2024-03-18,107.58,107.75,107.53,107.70,1000000
2024-03-19,107.72,107.89,107.67,107.84,1000000
2024-03-20,107.86,108.03,107.81,107.98,1000000
2024-03-21,108.00,108.17,107.95,108.12,1000000
2024-03-22,108.14,108.31,108.09,108.26,1000000
2024-03-25,108.28,108.45,108.23,108.40,1000000
2024-03-26,108.42,108.59,108.37,108.54,1000000
2024-03-27,108.56,108.73,108.51,108.68,1000000
2024-03-28,108.70,108.87,108.65,108.82,1000000
2024-03-29,108.84,109.01,108.79,108.96,1000000
2024-04-01,108.98,109.15,108.93,109.10,1000000
2024-04-02,109.12,109.29,109.07,109.24,1000000
2024-04-03,109.26,109.43,109.21,109.38,1000000
2024-04-04,109.40,109.57,109.35,109.52,1000000
2024-04-05,109.54,109.71,109.49,109.66,1000000
2024-04-08,109.68,109.85,109.63,109.80,1000000
2024-04-09,109.82,109.99,109.77,109.94,1000000
2024-04-10,109.96,110.13,109.91,110.08,1000000
2024-04-11,110.10,110.27,110.05,110.22,1000000
2024-04-12,110.24,110.41,110.19,110.36,1000000
2024-04-15,110.38,110.55,110.33,110.50,1000000
2024-04-16,110.52,110.69,110.47,110.64,1000000
2024-04-17,110.66,110.83,110.61,110.78,1000000
2024-04-18,110.80,110.97,110.75,110.92,1000000
2024-04-19,110.94,111.11,110.89,111.06,1000000
2024-04-22,111.08,111.25,111.03,111.20,1000000
2024-04-23,111.22,111.39,111.17,111.34,1000000
2024-04-24,111.36,111.53,111.31,111.48,1000000
2024-04-25,111.50,111.67,111.45,111.62,1000000
2024-04-26,111.64,111.81,111.59,111.76,1000000
2024-04-29,111.78,111.95,111.73,111.90,1000000
2024-04-30,111.92,112.09,111.87,112.04,1000000
2024-05-01,112.06,112.23,112.01,112.18,1000000
2024-05-02,112.20,112.37,112.15,112.32,1000000
2024-05-03,112.34,112.51,112.29,112.46,1000000
2024-05-06,112.48,112.65,112.43,112.60,1000000
2024-05-07,112.62,112.79,112.57,112.74,1000000
2024-05-08,112.76,112.93,112.71,112.88,1000000
2024-05-09,112.90,113.07,112.85,113.02,1000000
2024-05-10,113.04,113.21,112.99,113.16,1000000
2024-05-13,113.18,113.35,113.13,113.30,1000000
2024-05-14,113.32,113.49,113.27,113.44,1000000
2024-05-15,113.46,113.63,113.41,113.58,1000000
2024-05-16,113.60,113.77,113.55,113.72,1000000
2024-05-17,113.74,113.91,113.69,113.86,1000000
2024-05-20,113.88,114.05,113.83,114.00,1000000
2024-05-21,114.02,114.19,113.97,114.14,1000000
2024-05-22,114.16,114.33,114.11,114.28,1000000
2024-05-23,114.30,114.47,114.25,114.42,1000000
2024-05-24,114.44,114.61,114.39,114.56,1000000
2024-05-27,114.58,114.75,114.53,114.70,1000000
2024-05-28,114.72,114.89,114.67,114.84,1000000
2024-05-29,114.86,115.03,114.81,114.98,1000000
2024-05-30,115.00,115.17,114.95,115.12,1000000
2024-05-31,115.14,115.31,115.09,115.26,1000000
2024-06-03,115.28,115.45,115.23,115.40,1000000
2024-06-04,115.42,115.59,115.37,115.54,1000000
2024-06-05,115.56,115.73,115.51,115.68,1000000
2024-06-06,115.70,115.87,115.65,115.82,1000000
2024-06-07,115.84,116.01,115.79,115.96,1000000
2024-06-10,115.98,116.15,115.93,116.10,1000000
2024-06-11,116.12,116.29,116.07,116.24,1000000
2024-06-12,116.26,116.43,116.21,116.38,1000000
2024-06-13,116.40,116.57,116.35,116.52,1000000
2024-06-14,116.54,116.71,116.49,116.66,1000000
2024-06-17,116.68,116.85,116.63,116.80,1000000
2024-06-18,116.82,116.99,116.77,116.94,1000000
2024-06-19,116.96,117.13,116.91,117.08,1000000
2024-06-20,117.10,117.27,117.05,117.22,1000000
2024-06-21,117.24,117.41,117.19,117.36,1000000
2024-06-24,117.38,117.55,117.33,117.50,1000000
2024-06-25,117.52,117.69,117.47,117.64,1000000
2024-06-26,117.66,117.83,117.61,117.78,1000000
2024-06-27,117.80,117.97,117.75,117.92,1000000
2024-06-28,117.94,118.11,117.89,118.06,1000000
2024-07-01,118.08,118.25,118.03,118.20,1000000
2024-07-02,118.22,118.39,118.17,118.34,1000000
2024-07-03,118.36,118.53,118.31,118.48,1000000
2024-07-04,118.50,118.67,118.45,118.62,1000000
2024-07-05,118.64,118.81,118.59,118.76,1000000
2024-07-08,118.78,118.95,118.73,118.90,1000000
2024-07-09,118.92,119.09,118.87,119.04,1000000
2024-07-10,119.06,119.23,119.01,119.18,1000000
2024-07-11,119.20,119.37,119.15,119.32,1000000
2024-07-12,119.34,119.51,119.29,119.46,1000000
2024-07-15,119.48,119.65,119.43,119.60,1000000
2024-07-16,119.62,119.79,119.57,119.74,1000000
2024-07-17,119.76,119.93,119.71,119.88,1000000
2024-07-18,119.90,120.07,119.85,120.02,1000000
2024-07-19,120.04,120.21,119.99,120.16,1000000
2024-07-22,120.18,120.35,120.13,120.30,1000000
2024-07-23,120.32,120.49,120.27,120.44,1000000
2024-07-24,120.46,120.63,120.41,120.58,1000000
2024-07-25,120.60,120.77,120.55,120.72,1000000
2024-07-26,120.74,120.91,120.69,120.86,1000000
2024-07-29,120.88,121.05,120.83,121.00,1000000
2024-07-30,121.02,121.19,120.97,121.14,1000000
2024-07-31,121.16,121.33,121.11,121.28,1000000
2024-08-01,121.30,121.47,121.25,121.42,1000000
2024-08-02,121.44,121.61,121.39,121.56,1000000
2024-08-05,121.58,121.75,121.53,121.70,1000000
2024-08-06,121.72,121.89,121.67,121.84,1000000
2024-08-07,121.86,122.03,121.81,121.98,1000000
2024-08-08,122.00,122.17,121.95,122.12,1000000
2024-08-09,122.14,122.31,122.09,122.26,1000000
2024-08-12,122.28,122.45,122.23,122.40,1000000
2024-08-13,122.42,122.59,122.37,122.54,1000000
2024-08-14,122.56,122.73,122.51,122.68,1000000
2024-08-15,122.70,122.87,122.65,122.82,1000000
2024-08-16,122.84,123.01,122.79,122.96,1000000
2024-08-19,122.98,123.15,122.93,123.10,1000000
2024-08-20,123.12,123.29,123.07,123.24,1000000
2024-08-21,123.26,123.43,123.21,123.38,1000000
2024-08-22,123.40,123.57,123.35,123.52,1000000
2024-08-23,123.54,123.71,123.49,123.66,1000000
2024-08-26,123.68,123.85,123.63,123.80,1000000
2024-08-27,123.82,123.99,123.77,123.94,1000000
2024-08-28,123.96,124.13,123.91,124.08,1000000
2024-08-29,124.10,124.27,124.05,124.22,1000000
2024-08-30,124.24,124.41,124.19,124.36,1000000
2024-09-02,124.38,124.55,124.33,124.50,1000000
2024-09-03,124.52,124.69,124.47,124.64,1000000
2024-09-04,124.66,124.83,124.61,124.78,1000000
2024-09-05,124.80,124.97,124.75,124.92,1000000
2024-09-06,124.94,125.11,124.89,125.06,1000000
2024-09-09,125.08,125.25,125.03,125.20,1000000
2024-09-10,125.22,125.39,125.17,125.34,1000000
2024-09-11,125.36,125.53,125.31,125.48,1000000
2024-09-12,125.50,125.67,125.45,125.62,1000000
2024-09-13,125.64,125.81,125.59,125.76,1000000
2024-09-16,125.78,125.95,125.73,125.90,1000000
2024-09-17,125.92,126.09,125.87,126.04,1000000
2024-09-18,126.06,126.23,126.01,126.18,1000000
2024-09-19,126.20,126.37,126.15,126.32,1000000
2024-09-20,126.34,126.51,126.29,126.46,1000000
2024-09-23,126.48,126.65,126.43,126.60,1000000
2024-09-24,126.62,126.79,126.57,126.74,1000000
2024-09-25,126.76,126.93,126.71,126.88,1000000
2024-09-26,126.90,127.07,126.85,127.02,1000000
2024-09-27,127.04,127.21,126.99,127.16,1000000
2024-09-30,127.18,127.35,127.13,127.30,1000000
2024-10-01,127.32,127.49,127.27,127.44,1000000
2024-10-02,127.46,127.63,127.41,127.58,1000000
2024-10-03,127.60,127.77,127.55,127.72,1000000
2024-10-04,127.74,127.91,127.69,127.86,1000000
2024-10-07,127.88,128.05,127.83,128.00,1000000
2024-10-08,128.02,128.19,127.97,128.14,1000000
2024-10-09,128.16,128.33,128.11,128.28,1000000
2024-10-10,128.30,128.47,128.25,128.42,1000000
2024-10-11,128.44,128.61,128.39,128.56,1000000
2024-10-14,128.58,128.75,128.53,128.70,1000000
2024-10-15,128.72,128.89,128.67,128.84,1000000
2024-10-16,128.86,129.03,128.81,128.98,1000000
2024-10-17,129.00,129.17,128.95,129.12,1000000
2024-10-18,129.14,129.31,129.09,129.26,1000000
2024-10-21,129.28,129.45,129.23,129.40,1000000
2024-10-22,129.42,129.59,129.37,129.54,1000000
2024-10-23,129.56,129.73,129.51,129.68,1000000
2024-10-24,129.70,129.87,129.65,129.82,1000000
2024-10-25,129.84,130.01,129.79,129.96,1000000
2024-10-28,129.98,130.15,129.93,130.10,1000000
2024-10-29,130.12,130.29,130.07,130.24,1000000
2024-10-30,130.26,130.43,130.21,130.38,1000000
2024-10-31,130.40,130.57,130.35,130.52,1000000
2024-11-01,130.54,130.71,130.49,130.66,1000000
2024-11-04,130.68,130.85,130.63,130.80,1000000
2024-11-05,130.82,130.99,130.77,130.94,1000000
2024-11-06,130.96,131.13,130.91,131.08,1000000
2024-11-07,131.10,131.27,131.05,131.22,1000000
2024-11-08,131.24,131.41,131.19,131.36,1000000
2024-11-11,131.38,131.55,131.33,131.50,1000000
2024-11-12,131.52,131.69,131.47,131.64,1000000
2024-11-13,131.66,131.83,131.61,131.78,1000000
2024-11-14,131.80,131.97,131.75,131.92,1000000
2024-11-15,131.94,132.11,131.89,132.06,1000000
2024-11-18,132.08,132.25,132.03,132.20,1000000
2024-11-19,132.22,132.39,132.17,132.34,1000000
2024-11-20,132.36,132.53,132.31,132.48,1000000
2024-11-21,132.50,132.67,132.45,132.62,1000000
2024-11-22,132.64,132.81,132.59,132.76,1000000
2024-11-25,132.78,132.95,132.73,132.90,1000000
2024-11-26,132.92,132.97,132.59,132.64,1000000
2024-11-27,132.66,132.71,132.33,132.38,1000000
2024-11-28,132.40,132.45,132.07,132.12,1000000
2024-11-29,132.14,132.19,131.81,131.86,1000000
2024-12-02,131.88,131.93,131.55,131.60,1000000
2024-12-03,131.62,131.67,131.29,131.34,1000000
2024-12-04,131.36,131.41,131.03,131.08,1000000
2024-12-05,131.10,131.15,130.77,130.82,1000000
2024-12-06,130.84,130.89,130.51,130.56,1000000
2024-12-09,130.58,130.63,130.25,130.30,1000000
2024-12-10,130.32,130.37,129.99,130.04,1000000
2024-12-11,130.06,130.11,129.73,129.78,1000000
2024-12-12,129.80,129.85,129.47,129.52,1000000
2024-12-13,129.54,129.59,129.21,129.26,1000000
2024-12-16,129.28,129.33,128.95,129.00,1000000
2024-12-17,129.02,129.07,128.69,128.74,1000000
2024-12-18,128.76,128.81,128.43,128.48,1000000
2024-12-19,128.50,128.55,128.17,128.22,1000000
2024-12-20,128.24,128.29,127.91,127.96,1000000
2024-12-23,127.98,128.03,127.65,127.70,1000000
2024-12-24,127.72,127.77,127.39,127.44,1000000
2024-12-25,127.46,127.51,127.13,127.18,1000000
2024-12-26,127.20,127.25,126.87,126.92,1000000
2024-12-27,126.94,126.99,126.61,126.66,1000000
2024-12-30,126.68,126.73,126.35,126.40,1000000
2024-12-31,126.02,126.07,125.69,125.74,1000000
2025-01-01,125.76,125.81,125.43,125.48,1000000
2025-01-02,125.50,125.55,125.17,125.22,1000000
2025-01-03,125.24,125.29,124.91,124.96,1000000
2025-01-06,124.98,125.03,124.65,124.70,1000000
2025-01-07,124.72,124.77,124.39,124.44,1000000
2025-01-08,124.46,124.51,124.13,124.18,1000000
2025-01-09,124.20,124.25,123.87,123.92,1000000
2025-01-10,123.94,123.99,123.61,123.66,1000000
2025-01-13,123.68,123.73,123.35,123.40,1000000
2025-01-14,123.42,123.47,123.09,123.14,1000000
2025-01-15,123.16,123.21,122.83,122.88,1000000
2025-01-16,122.90,122.95,122.57,122.62,1000000
2025-01-17,122.64,122.69,122.31,122.36,1000000
2025-01-20,122.38,122.43,122.05,122.10,1000000
2025-01-21,122.12,122.17,121.79,121.84,1000000
2025-01-22,121.86,121.91,121.53,121.58,1000000
2025-01-23,121.60,121.65,121.27,121.32,1000000
2025-01-24,121.34,121.39,121.01,121.06,1000000
2025-01-27,121.08,121.13,120.75,120.80,1000000
2025-01-28,120.82,120.87,120.49,120.54,1000000
2025-01-29,120.56,120.61,120.23,120.28,1000000
2025-01-30,120.30,120.35,119.97,120.02,1000000
2025-01-31,120.04,120.09,119.71,119.76,1000000
2025-02-03,119.78,119.83,119.45,119.50,1000000
2025-02-04,119.52,119.57,119.19,119.24,1000000
2025-02-05,119.26,119.31,118.93,118.98,1000000
2025-02-06,119.00,119.05,118.67,118.72,1000000
2025-02-07,118.74,118.79,118.41,118.46,1000000
2025-02-10,118.48,118.53,118.15,118.20,1000000
2025-02-11,118.22,118.27,117.89,117.94,1000000
2025-02-12,117.96,118.01,117.63,117.68,1000000
2025-02-13,117.70,117.75,117.37,117.42,1000000
2025-02-14,117.44,117.49,117.11,117.16,1000000
2025-02-17,117.18,117.23,116.85,116.90,1000000
2025-02-18,116.92,116.97,116.59,116.64,1000000
2025-02-19,116.66,116.71,116.33,116.38,1000000
2025-02-20,116.40,116.45,116.07,116.12,1000000
2025-02-21,116.14,116.19,115.81,115.86,1000000
2025-02-24,115.88,115.93,115.55,115.60,1000000
2025-02-25,115.62,115.67,115.29,115.34,1000000
2025-02-26,115.36,115.41,115.03,115.08,1000000
2025-02-27,115.10,115.15,114.77,114.82,1000000
2025-02-28,114.84,114.89,114.51,114.56,1000000
2025-03-03,114.58,114.63,114.25,114.30,1000000
2025-03-04,114.32,114.37,113.99,114.04,1000000
2025-03-05,114.06,114.11,113.73,113.78,1000000
2025-03-06,113.80,113.85,113.47,113.52,1000000
2025-03-07,113.54,113.59,113.21,113.26,1000000
2025-03-10,113.28,113.33,112.95,113.00,1000000
2025-03-11,113.02,113.07,112.69,112.74,1000000
2025-03-12,112.76,112.81,112.43,112.48,1000000
2025-03-13,112.50,112.55,112.17,112.22,1000000
2025-03-14,112.24,112.29,111.91,111.96,1000000
2025-03-17,111.98,112.03,111.65,111.70,1000000
2025-03-18,111.72,111.77,111.39,111.44,1000000
2025-03-19,111.46,111.51,111.13,111.18,1000000
2025-03-20,111.20,111.25,110.87,110.92,1000000
2025-03-21,110.94,110.99,110.61,110.66,1000000
2025-03-24,110.68,110.73,110.35,110.40,1000000
2025-03-25,110.42,110.47,110.09,110.14,1000000
2025-03-26,110.16,110.21,109.83,109.88,1000000
2025-03-27,109.90,109.95,109.57,109.62,1000000
2025-03-28,109.64,109.69,109.31,109.36,1000000
2025-03-31,109.38,109.43,109.05,109.10,1000000
2025-04-01,109.12,109.17,108.79,108.84,1000000
2025-04-02,108.86,108.91,108.53,108.58,1000000
2025-04-03,108.60,108.65,108.27,108.32,1000000
2025-04-04,108.34,108.39,108.01,108.06,1000000
2025-04-07,108.08,108.13,107.75,107.80,1000000
2025-04-08,107.42,107.47,107.09,107.14,1000000
2025-04-09,107.16,107.21,106.83,106.88,1000000
2025-04-10,106.90,106.95,106.57,106.62,1000000
2025-04-11,106.64,106.69,106.31,106.36,1000000
2025-04-14,106.38,106.43,106.05,106.10,1000000
2025-04-15,106.12,106.17,105.79,105.84,1000000
2025-04-16,105.86,105.91,105.53,105.58,1000000
2025-04-17,105.60,105.65,105.27,105.32,1000000
2025-04-18,105.34,105.39,105.01,105.06,1000000
2025-04-21,105.08,105.13,104.75,104.80,1000000
2025-04-22,104.82,104.87,104.49,104.54,1000000
2025-04-23,104.56,104.61,104.23,104.28,1000000
2025-04-24,104.30,104.35,103.97,104.02,1000000
2025-04-25,104.04,104.09,103.71,103.76,1000000
2025-04-28,103.78,103.83,103.45,103.50,1000000
2025-04-29,103.52,103.57,103.19,103.24,1000000
2025-04-30,103.26,103.31,102.93,102.98,1000000
2025-05-01,103.00,103.05,102.67,102.72,1000000
2025-05-02,102.74,102.79,102.41,102.46,1000000
2025-05-05,102.48,102.53,102.15,102.20,1000000
2025-05-06,102.22,102.39,102.17,102.34,1000000
2025-05-07,102.36,102.53,102.31,102.48,1000000
2025-05-08,102.50,102.67,102.45,102.62,1000000
2025-05-09,102.64,102.81,102.59,102.76,1000000
2025-05-12,102.78,102.95,102.73,102.90,1000000
2025-05-13,102.92,103.09,102.87,103.04,1000000
2025-05-14,103.06,103.23,103.01,103.18,1000000
2025-05-15,103.20,103.37,103.15,103.32,1000000
2025-05-16,103.34,103.51,103.29,103.46,1000000
2025-05-19,103.48,103.65,103.43,103.60,1000000
2025-05-20,103.62,103.79,103.57,103.74,1000000
2025-05-21,103.76,103.93,103.71,103.88,1000000
2025-05-22,103.90,104.07,103.85,104.02,1000000
2025-05-23,104.04,104.21,103.99,104.16,1000000
2025-05-26,104.18,104.35,104.13,104.30,1000000
2025-05-27,104.32,104.49,104.27,104.44,1000000
2025-05-28,104.46,104.63,104.41,104.58,1000000
2025-05-29,104.60,104.77,104.55,104.72,1000000
2025-05-30,104.74,104.91,104.69,104.86,1000000
2025-06-02,104.88,105.05,104.83,105.00,1000000
2025-06-03,105.02,105.19,104.97,105.14,1000000
2025-06-04,105.16,105.33,105.11,105.28,1000000
2025-06-05,105.30,105.47,105.25,105.42,1000000
2025-06-06,105.44,105.61,105.39,105.56,1000000
2025-06-09,105.58,105.75,105.53,105.70,1000000
2025-06-10,105.72,105.89,105.67,105.84,1000000
2025-06-11,105.86,106.03,105.81,105.98,1000000
2025-06-12,106.00,106.17,105.95,106.12,1000000
2025-06-13,106.14,106.31,106.09,106.26,1000000
2025-06-16,106.28,106.45,106.23,106.40,1000000
2025-06-17,106.42,106.59,106.37,106.54,1000000
2025-06-18,106.56,106.73,106.51,106.68,1000000
2025-06-19,106.70,106.87,106.65,106.82,1000000
2025-06-20,106.84,107.01,106.79,106.96,1000000
2025-06-23,106.98,107.15,106.93,107.10,1000000
2025-06-24,107.12,107.29,107.07,107.24,1000000
2025-06-25,107.26,107.43,107.21,107.38,1000000
2025-06-26,107.40,107.57,107.35,107.52,1000000
2025-06-27,107.54,107.71,107.49,107.66,1000000
2025-06-30,107.68,107.85,107.63,107.80,1000000
2025-07-01,107.82,107.99,107.77,107.94,1000000
2025-07-02,107.96,108.13,107.91,108.08,1000000
2025-07-03,108.10,108.27,108.05,108.22,1000000
2025-07-04,108.24,108.41,108.19,108.36,1000000
2025-07-07,108.38,108.55,108.33,108.50,1000000
2025-07-08,108.52,108.69,108.47,108.64,1000000
2025-07-09,108.66,108.83,108.61,108.78,1000000
2025-07-10,108.80,108.97,108.75,108.92,1000000
2025-07-11,108.94,109.11,108.89,109.06,1000000
2025-07-14,109.08,109.25,109.03,109.20,1000000
2025-07-15,109.22,109.39,109.17,109.34,1000000
2025-07-16,109.36,109.53,109.31,109.48,1000000
2025-07-17,109.50,109.67,109.45,109.62,1000000
2025-07-18,109.64,109.81,109.59,109.76,1000000
2025-07-21,109.78,109.95,109.73,109.90,1000000
2025-07-22,109.92,110.09,109.87,110.04,1000000
2025-07-23,110.06,110.23,110.01,110.18,1000000
2025-07-24,110.20,110.37,110.15,110.32,1000000
2025-07-25,110.34,110.51,110.29,110.46,1000000
2025-07-28,110.48,110.65,110.43,110.60,1000000
2025-07-29,110.62,110.79,110.57,110.74,1000000
2025-07-30,110.76,110.93,110.71,110.88,1000000
2025-07-31,110.90,111.07,110.85,111.02,1000000
2025-08-01,111.04,111.21,110.99,111.16,1000000
2025-08-04,111.18,111.35,111.13,111.30,1000000
2025-08-05,111.32,111.49,111.27,111.44,1000000
2025-08-06,111.46,111.63,111.41,111.58,1000000
2025-08-07,111.60,111.77,111.55,111.72,1000000
2025-08-08,111.74,111.91,111.69,111.86,1000000
2025-08-11,111.88,112.05,111.83,112.00,1000000
2025-08-12,111.62,111.79,111.57,111.74,1000000
2025-08-13,111.76,111.93,111.71,111.88,1000000
2025-08-14,111.90,112.07,111.85,112.02,1000000
2025-08-15,112.04,112.21,111.99,112.16,1000000
2025-08-18,112.18,112.35,112.13,112.30,1000000
2025-08-19,112.32,112.49,112.27,112.44,1000000
2025-08-20,112.46,112.63,112.41,112.58,1000000
2025-08-21,112.60,112.77,112.55,112.72,1000000
2025-08-22,112.74,112.91,112.69,112.86,1000000
2025-08-25,112.88,113.05,112.83,113.00,1000000
2025-08-26,113.02,113.19,112.97,113.14,1000000
2025-08-27,113.16,113.33,113.11,113.28,1000000
2025-08-28,113.30,113.47,113.25,113.42,1000000
2025-08-29,113.44,113.61,113.39,113.56,1000000
2025-09-01,113.58,113.75,113.53,113.70,1000000
2025-09-02,113.72,113.89,113.67,113.84,1000000
2025-09-03,113.86,114.03,113.81,113.98,1000000
2025-09-04,114.00,114.17,113.95,114.12,1000000
2025-09-05,114.14,114.31,114.09,114.26,1000000
2025-09-08,114.28,114.45,114.23,114.40,1000000
2025-09-09,114.42,114.59,114.37,114.54,1000000
2025-09-10,114.56,114.73,114.51,114.68,1000000
2025-09-11,114.70,114.87,114.65,114.82,1000000
2025-09-12,114.84,115.01,114.79,114.96,1000000
2025-09-15,114.98,115.15,114.93,115.10,1000000
2025-09-16,115.12,115.29,115.07,115.24,1000000
2025-09-17,115.26,115.43,115.21,115.38,1000000
2025-09-18,115.40,115.57,115.35,115.52,1000000
2025-09-19,115.54,115.71,115.49,115.66,1000000
2025-09-22,115.68,115.85,115.63,115.80,1000000
2025-09-23,115.82,115.99,115.77,115.94,1000000
2025-09-24,115.96,116.13,115.91,116.08,1000000
2025-09-25,116.10,116.27,116.05,116.22,1000000
2025-09-26,116.24,116.41,116.19,116.36,1000000
2025-09-29,116.38,116.55,116.33,116.50,1000000
2025-09-30,116.52,116.69,116.47,116.64,1000000
2025-10-01,116.66,116.83,116.61,116.78,1000000
2025-10-02,116.80,116.97,116.75,116.92,1000000
2025-10-03,116.94,117.11,116.89,117.06,1000000
2025-10-06,117.08,117.25,117.03,117.20,1000000
